Actual Sales,Predicted Sales
9000,8949.503162019972
12000,10640.176612693387
14000,11245.219181586875
25000,67037.20109329864
9000,7402.973072391604
24000,32787.24587368176
